course,cgpa_band,guidance
IT / Computer Science,8.5+,"Apply to TU9 and top programs (TUM, RWTH, KIT, TU Berlin, Darmstadt) plus 2-3 safe options. Strong projects and IELTS 6.5-7.0 help."
IT / Computer Science,7.5-8.5,"Good chances at Saarland, Chemnitz, Freiburg, Bonn, TUHH, Magdeburg, Passau; add 1-2 TU9 reach options and 2-3 UAS safe options."
IT / Computer Science,6.5-7.5,"Target Universities of Applied Sciences, TU Chemnitz, Magdeburg and similar; strengthen with projects, certifications or work experience."
IT / Computer Science,Below 6.5,"Public universities are difficult; consider UAS, private universities or 1-2 years of work experience and certifications first."
Business / Management,8.5+,"Apply to Mannheim, TUM Management, Cologne and top programs; GMAT/GRE and strong work experience improve chances."
Business / Management,7.5-8.5,Good for several public universities and private schools; add work experience and GMAT/GRE if possible.
Business / Management,6.5-7.5,Mostly UAS and private business schools; work experience is important; check costs carefully.
Business / Management,Below 6.5,Focus on private schools or UAS after gaining work experience; evaluate ROI before paying high tuition.
Medical / Healthcare,8.5+,"Strong profile for MPH, Molecular Medicine, Neuroscience and Biomedical Engineering at Charite, Goettingen, TUM, LMU, Tuebingen."
Medical / Healthcare,7.5-8.5,Good chances for biomedical and public health Masters at several universities; add research experience and projects.
Medical / Healthcare,6.5-7.5,"Consider UAS healthcare programs, health management or biotech tracks; nursing Ausbildung is an alternative if German is learned."
Medical / Healthcare,Below 6.5,Consider nursing/care Ausbildung (needs German B1-B2) or bridging; competitive Masters are difficult without experience.
Engineering,8.5+,"Apply to TU9 (TUM, RWTH, KIT, TU Berlin, Stuttgart) and English tracks; German B1+ improves options."
Engineering,7.5-8.5,Good chances at many TUs and universities; check language of instruction; add UAS safe options.
Engineering,6.5-7.5,"Target UAS, Chemnitz and similar universities; improve with projects/internship and consider German learning."
Engineering,Below 6.5,"Consider UAS, private options or work experience first; many engineering programs also need German."
