topic,details
MBBS holders: can I practise in Germany?,"Not automatically. You need recognition of your medical degree and a license (Approbation) from the state authority. Typical steps: documents recognition, German language B2 then medical language exam (Fachsprachprufung), and possibly a knowledge exam (Kenntnisprufung). Takes 1-2+ years; rules vary by state. Verify with the state authority."
Can I study Medicine (MD) in Germany from India?,"Medicine in Germany is taught in German, is state-regulated and extremely competitive. It is usually not a realistic path for most Indian students; many choose biomedical, public health or other health sciences Masters."
Biomedical / life science Masters,"English-taught programs exist (for example in molecular medicine, neuroscience, biomedical engineering). Need relevant bachelor, good grades, IELTS 6.5; research experience helps."
Public Health (MPH),"English MPH programs exist (for example in Berlin and Heidelberg). Suitable for healthcare graduates, doctors, nurses, pharmacists; work experience often preferred."
Nursing training (Ausbildung),Three-year vocational training in German hospitals/care; paid training; needs German (usually B1-B2). Programs such as Triple Win recruit nurses; verify current rules and costs.
Pharmacy (B.Pharm / D.Pharm),To practise as a pharmacist you need a German license (Approbation) route; B.Pharm holders can also do MSc Pharmaceutical Sciences/Technology or pharma industry roles. Verify with authorities.
Dentistry (BDS),Similar recognition and license process; German language required; verify state requirements.
Healthcare management / health informatics,MSc programs at UAS and universities; combines business/IT with healthcare; English options exist.
Language need,"Clinical, nursing and patient-facing roles require German B2-C1; research and biomedical Masters can be done in English."
Honest advice,Medical licensing and nursing paths depend on German language and state authorities; do not promise outcomes. Recommend counselor consultation.
