id,category,question,answer,tags,last_updated,verify_before_launch
1,Costs,Is a Masters in Germany really free?,"Most public universities charge no tuition for Masters, only a semester contribution of about EUR 150-400. Exceptions: Baden-Wurttemberg charges non-EU students EUR 1,500 per semester, TUM charges new non-EU Masters students, and private universities charge fees. Always verify on the program page.","tuition,free,fees",2026-10,yes
2,Costs,How much money do I need to show for a German student visa?,"For 2026 you need EUR 11,904 for one year (EUR 992 per month), usually in a blocked account.","blocked account,visa,funds",2026-10,yes
3,Costs,What is the total yearly cost for an Indian student?,"Roughly EUR 11,000-16,000 per year for living (city dependent) plus EUR 300-800 per year semester fees at most public universities, plus one-time costs for APS, visa, flights and deposit.","cost,budget",2026-10,yes
4,Costs,How much is health insurance?,"Public student health insurance is roughly EUR 120-150 per month (for example TK, Barmer, AOK, DAK). It is required for visa and enrollment.","insurance,health",2026-10,yes
5,Costs,Which cities are cheapest for students?,"Smaller cities such as Chemnitz, Dresden, Magdeburg, Saarbrucken and Aachen are cheaper than Munich, Frankfurt, Hamburg or Berlin. Rent is the biggest difference.","cheap cities,rent",2026-10,yes
6,Admission,Can I study in Germany with 7.5-8.5 CGPA?,"Yes. This is a good range for many public universities and universities of applied sciences for IT/CS. Top TU9 programs are more competitive and also look at projects, SOP, English score and subject credits.","cgpa,eligibility",2026-10,yes
7,Admission,Can I get admission with backlogs?,"Cleared backlogs are generally acceptable, though they may weaken your profile at competitive programs. Active backlogs are a major risk; clear them before applying if possible.",backlogs,2026-10,yes
8,Admission,Is a study gap acceptable?,"A gap of up to about 1 year is usually fine if explained with work, courses or preparation. Longer gaps need strong proof (employment letters, certifications) in the CV and SOP.",gap year,2026-10,yes
9,Admission,How many universities should I apply to?,"Apply to 6-10: 2-3 ambitious, 3-4 realistic and 2-3 safe options.","strategy,applications",2026-10,yes
10,Admission,When should I apply for winter intake?,"Start 10-12 months before October. Deadlines are mostly between January and May, some universities earlier. uni-assist universities need earlier submission because evaluation takes weeks.","deadline,intake,winter",2026-10,yes
11,Admission,Is there a summer intake?,Some programs start in April (summer semester) with applications around October-January. Fewer English Masters offer it.,summer intake,2026-10,yes
12,Admission,Is GRE required for Computer Science?,"Mostly not required, but some universities recommend it or use it for ranking. Check each program page.",gre,2026-10,yes
13,Admission,Do I need work experience for a Masters?,Not for most IT/CS Masters. It is required or strongly preferred for MBA and some management programs.,work experience,2026-10,yes
14,Admission,Can I apply with a 3-year degree?,"Some universities accept it, but many prefer a 4-year bachelor (B.E./B.Tech). Check the program requirement and anabin; a bridging year may be needed.",3-year degree,2026-10,yes
15,Admission,What is uni-assist?,uni-assist is a service that checks international applications for many German universities. It charges a fee per application and needs documents early. Some universities use their own portal instead.,uni-assist,2026-10,yes
16,Admission,What is the difference between a TU/University and a University of Applied Sciences?,Universities and TUs are research-oriented and more theoretical; universities of applied sciences (HAW/FH) are practice-oriented. Both give recognized degrees; UAS often have lower grade cut-offs for some programs.,"TU,UAS,HAW",2026-10,yes
17,Admission,Is a private university worth it?,"Private universities are easier to get into and often offer English programs and quick admission, but cost EUR 6,000-20,000+ per year. Check accreditation and job outcomes before deciding.",private university,2026-10,yes
18,Language,Is IELTS compulsory?,"For English-taught programs, mostly yes. IELTS 6.5 or TOEFL iBT 80-90 is typical. Some universities accept alternatives or a medium-of-instruction letter; check each program.","ielts,toefl",2026-10,yes
19,Language,Do I need to learn German?,"Not for English programs, but German A1-B1 helps with part-time jobs, daily life and post-study jobs.",german language,2026-10,yes
20,Visa,What is APS and is it compulsory for Indians?,APS is an academic document verification certificate that Indian applicants need for the German student visa and most applications. Start early because it can take several weeks.,aps,2026-10,yes
21,Visa,How long does the student visa take?,"Often 4-12 weeks after the appointment. Book the VFS appointment early, especially June-September.",visa processing,2026-10,yes
22,Visa,What if my visa is rejected?,"Read the rejection reasons. Common causes are insufficient funds, unclear study purpose or document problems. You can re-apply with corrections or file an objection within the stated deadline.",visa rejection,2026-10,yes
23,Visa,Can I bring my family?,Family reunification for student visa holders is limited and requires strong financial proof. Check the German embassy website for current rules.,"family,dependents",2026-10,yes
24,Visa,What is a blocked account?,"A blocked account (Sperrkonto) holds your living funds. You deposit EUR 11,904 before the visa appointment and can withdraw EUR 992 per month after arrival.","blocked account,sperrkonto",2026-10,yes
25,Work,Can I work while studying?,Yes: up to 140 full days or 280 half days per year (rule since 2024). Student jobs at the university have separate rules. Part-time work does not cover all costs.,part time job,2026-10,yes
26,Work,What jobs can I get after a Masters in IT?,"Software developer, data engineer, ML engineer, DevOps and cybersecurity roles. German skills increase options. You can stay 18 months after graduation to find a job.","jobs,placement",2026-10,yes
27,Work,What is the post-study stay period?,"Graduates can get an 18-month residence permit to look for a job related to their degree, then switch to a work permit or EU Blue Card.","post study visa,18 months",2026-10,yes
28,Life,How do I find accommodation?,"Apply to student dorms (Studierendenwerk) as soon as you get admission, search shared flats (WG) on student platforms, and avoid paying deposits before seeing a contract. Plan 3-4 months ahead.","accommodation,dorm,wg",2026-10,yes
29,Life,What is the Deutschlandticket?,A monthly ticket for public transport across Germany at around EUR 58 per month. Many universities include a semester ticket in the semester contribution.,transport,2026-10,yes
30,Life,Is Germany safe for Indian students?,Germany is generally safe. Large cities have some petty crime; follow normal precautions. Check local support groups of Indian students in your city.,safety,2026-10,yes
31,Scholarship,Are scholarships available for Indian students?,"Yes, such as DAAD, Deutschlandstipendium (EUR 300 per month) and university scholarships, but they are competitive. Most students fund through savings or education loans.","scholarship,daad",2026-10,yes
32,Scholarship,Can I get an education loan for Germany?,"Yes, Indian banks and NBFCs finance blocked account, living costs and sometimes tuition. Collateral rules depend on loan size and lender.",education loan,2026-10,yes
33,Process,What documents are needed for a Masters application?,"Passport, degree certificate and transcripts, APS certificate, CV, SOP, 1-2 recommendation letters, IELTS/TOEFL, and sometimes GRE or work experience letters.",documents,2026-10,yes
34,Process,How do I convert my CGPA to a German grade?,"Use the Modified Bavarian formula: 1 + 3 x (10 - CGPA) / (10 - pass mark). With pass mark 4, CGPA 7.5 gives about 2.25 (1.0 is best, 4.0 is pass).",grade conversion,2026-10,yes
35,Process,What is anabin?,anabin is a database that shows whether your Indian university and degree are recognized in Germany. Check that your institution has a positive rating before applying.,"anabin,recognition",2026-10,yes
36,Bachelors,Can I do a Bachelors in Germany after 12th from India?,"It depends on the university and subject. Many Indian applicants need a Studienkolleg (preparatory year) or a year of university study in India; some universities accept entrance exam scores such as JEE Advanced. Verify on anabin, DAAD and uni-assist.","bachelors,studienkolleg",2026-10,yes
37,Bachelors,What is Studienkolleg?,A one-year preparatory college that ends with an entrance exam (Feststellungsprufung) for applicants whose school certificate is not directly accepted. It usually requires German language skills.,studienkolleg,2026-10,yes
38,Services,Do you guarantee admission or visa?,"No. Admission and visa decisions are made by universities and German authorities. We help you improve your chances with the right shortlist, documents and timeline.",guarantee,2026-10,yes
39,Services,How can I talk to a counselor?,Share your WhatsApp number and a counselor will contact you. Free initial consultation may be available (see company details).,"counselor,contact",2026-10,yes
