id,field,university,city,state,program,language,type,competitiveness_estimate,cgpa_guidance_10pt_estimate,english_req_typical,intakes,deadline_winter_typical,tuition_note,official_site,verified_on,notes
1,IT/CS,TU Munich (TUM),Munich,Bavaria,MSc Informatics,English/German,TU9,Very high,8.5+,IELTS 6.5-7.0,Winter,Verify,Tuition for new non-EU students (verify),tum.de,,Strong maths/CS credits needed
2,IT/CS,RWTH Aachen,Aachen,NRW,MSc Computer Science,English/German,TU9,High,8.0+,IELTS 6.5,Winter+Summer,Verify,Semester contribution (verify),rwth-aachen.de,,
3,IT/CS,KIT,Karlsruhe,Baden-Wurttemberg,MSc Computer Science,English/German,TU9,High,8.0+,IELTS 6.5,Winter+Summer,Verify,EUR 1500 per semester non-EU (verify),kit.edu,,
4,IT/CS,TU Berlin,Berlin,Berlin,MSc Computer Science,English/German,TU9,High,8.0+,IELTS 6.5,Winter+Summer,Verify,Semester contribution (verify),tu.berlin,,
5,IT/CS,TU Darmstadt,Darmstadt,Hesse,MSc Computer Science,English/German,TU9,High,8.0+,IELTS 6.5,Winter+Summer,Verify,Semester contribution (verify),tu-darmstadt.de,,
6,IT/CS,University of Stuttgart,Stuttgart,Baden-Wurttemberg,MSc Computer Science,English/German,TU9,High,7.8+,IELTS 6.5,Winter,Verify,EUR 1500 per semester non-EU (verify),uni-stuttgart.de,,
7,IT/CS,TU Dresden,Dresden,Saxony,MSc Computer Science,English/German,TU9,Medium-High,7.5+,IELTS 6.5,Winter+Summer,Verify,Semester contribution (verify),tu-dresden.de,,Check language per track
8,IT/CS,Saarland University,Saarbrucken,Saarland,MSc Computer Science,English,University,Medium-High,7.5+,IELTS 6.5,Winter+Summer,Verify,Semester contribution (verify),uni-saarland.de,,Research oriented
9,IT/CS,University of Freiburg,Freiburg,Baden-Wurttemberg,MSc Computer Science,English,University,Medium-High,7.5+,IELTS 6.5,Winter,Verify,EUR 1500 per semester non-EU (verify),uni-freiburg.de,,
10,IT/CS,University of Bonn,Bonn,NRW,MSc Computer Science,English,University,Medium-High,7.5+,IELTS 6.5,Winter,Verify,Semester contribution (verify),uni-bonn.de,,
11,IT/CS,TU Chemnitz,Chemnitz,Saxony,MSc Computer Science,English,TU,Medium,7.0+,IELTS 6.0-6.5,Winter+Summer,Verify,Semester contribution (verify),tu-chemnitz.de,,Affordable city; popular with Indian students
12,IT/CS,TU Hamburg (TUHH),Hamburg,Hamburg,MSc Computer Science,English,TU,Medium,7.0+,IELTS 6.5,Winter+Summer,Verify,Semester contribution (verify),tuhh.de,,
13,IT/CS,University of Passau,Passau,Bavaria,MSc Computer Science,English/German,University,Medium,7.0+,IELTS 6.5,Winter+Summer,Verify,Semester contribution (verify),uni-passau.de,,Verify English track
14,IT/CS,University of Magdeburg,Magdeburg,Saxony-Anhalt,MSc Computer Science / Data and Knowledge Engineering,English,University,Medium,7.0+,IELTS 6.0-6.5,Winter+Summer,Verify,Semester contribution (verify),ovgu.de,,Affordable city
15,Data Science/AI,TU Munich (TUM),Munich,Bavaria,MSc Data Engineering and Analytics,English,TU9,Very high,8.5+,IELTS 6.5-7.0,Winter,Verify,Tuition for non-EU (verify),tum.de,,
16,Data Science/AI,Saarland University,Saarbrucken,Saarland,MSc Data Science and Artificial Intelligence,English,University,Medium-High,7.5+,IELTS 6.5,Winter,Verify,Semester contribution (verify),uni-saarland.de,,
17,Data Science/AI,University of Mannheim,Mannheim,Baden-Wurttemberg,MSc Data Science,English,University,Medium-High,7.5+,IELTS 6.5,Winter,Verify,EUR 1500 per semester non-EU (verify),uni-mannheim.de,,
18,Data Science/AI,University of Tubingen,Tubingen,Baden-Wurttemberg,MSc Machine Learning,English,University,High,8.0+,IELTS 6.5,Winter,Verify,EUR 1500 per semester non-EU (verify),uni-tuebingen.de,,
19,Business/Management,University of Mannheim,Mannheim,Baden-Wurttemberg,MSc Management,English,University,High,8.0+,IELTS 6.5-7.0,Winter,Verify,EUR 1500 per semester non-EU (verify),uni-mannheim.de,,GMAT/GRE may be required
20,Business/Management,TUM School of Management,Munich,Bavaria,MSc Management,English,TU9,High,8.0+,IELTS 6.5-7.0,Winter,Verify,Tuition for non-EU (verify),tum.de,,
21,Business/Management,ESMT Berlin,Berlin,Berlin,MBA / MSc programs,English,Private,Medium-High,7.0+,IELTS 6.5-7.0,Varies,Verify,High private tuition (verify),esmt.org,,Work experience usually required
22,Business/Management,Frankfurt School,Frankfurt,Hesse,MSc Finance / Management,English,Private,Medium-High,7.0+,IELTS 6.5-7.0,Varies,Verify,High private tuition (verify),frankfurt-school.de,,
23,Engineering,RWTH Aachen,Aachen,NRW,MSc Mechanical Engineering (check English track),German/English (verify),TU9,High,8.0+,IELTS 6.5 / German C1,Winter+Summer,Verify,Semester contribution (verify),rwth-aachen.de,,Many engineering Masters need German
24,Engineering,TU Berlin,Berlin,Berlin,MSc Electrical Engineering / Mechanical (verify tracks),German/English (verify),TU9,High,8.0+,IELTS 6.5 / German,Winter+Summer,Verify,Semester contribution (verify),tu.berlin,,
25,Engineering,TU Chemnitz,Chemnitz,Saxony,MSc Mechanical / Electrical (verify English tracks),German/English (verify),TU,Medium,7.0+,IELTS 6.0-6.5,Winter+Summer,Verify,Semester contribution (verify),tu-chemnitz.de,,
26,All fields,Universities of Applied Sciences (add from DAAD),Various,Various,Add specific programs from DAAD database,English/German,UAS,Medium-Low,6.0+,IELTS 6.0,Winter+Summer,Verify,Semester contribution (verify),daad.de,,Use DAAD International Programmes search
27,Medical/Healthcare,Charite / Berlin School of Public Health,Berlin,Berlin,Master of Public Health (MPH),English,University hospital,High,8.0+,IELTS 6.5,Winter,Verify,Semester contribution (verify),charite.de,,Confirm exact program name and language on official site
28,Medical/Healthcare,University of Goettingen,Goettingen,Lower Saxony,MSc Molecular Medicine,English,University,High,8.0+,IELTS 6.5,Winter,Verify,Semester contribution (verify),uni-goettingen.de,,Confirm exact program name and language on official site
29,Medical/Healthcare,TU Munich (TUM),Munich,Bavaria,MSc Biomedical Engineering and Medical Physics,English,TU9,High,8.0+,IELTS 6.5,Winter,Verify,Tuition for non-EU (verify),tum.de,,Confirm exact program name and language on official site
30,Medical/Healthcare,LMU Munich,Munich,Bavaria,MSc Neuroscience,English,University,Very high,8.5+,IELTS 6.5-7.0,Winter,Verify,Semester contribution (verify),lmu.de,,Confirm exact program name and language on official site
31,Medical/Healthcare,University of Tuebingen,Tuebingen,Baden-Wurttemberg,MSc Neuroscience / Neural and Behavioural Sciences,English,University,High,8.0+,IELTS 6.5,Winter,Verify,EUR 1500 per semester non-EU (verify),uni-tuebingen.de,,Confirm exact program name and language on official site
32,Medical/Healthcare,University of Luebeck,Luebeck,Schleswig-Holstein,MSc Infection Biology / Medical Informatics tracks,English/German,University,Medium-High,7.5+,IELTS 6.5,Winter,Verify,Semester contribution (verify),uni-luebeck.de,,Confirm exact program name and language on official site
33,Medical/Healthcare,Heidelberg University,Heidelberg,Baden-Wurttemberg,Global/International Health programs,English,University,High,8.0+,IELTS 6.5-7.0,Winter,Verify,EUR 1500 per semester non-EU (verify),uni-heidelberg.de,,Confirm exact program name and language on official site
34,Medical/Healthcare,Universities of Applied Sciences (add from DAAD),Various,Various,Healthcare management / Biomedical / Health informatics,English/German,UAS,Medium,6.5+,IELTS 6.0,Winter+Summer,Verify,Semester contribution (verify),daad.de,,Use DAAD search to add specific programs
35,Business/Management,WHU Otto Beisheim,Vallendar,Rhineland-Palatinate,MSc Management / MBA,English,Private,Medium-High,7.0+,IELTS 6.5-7.0,Varies,Verify,High private tuition (verify),whu.edu,,Confirm exact program name and language on official site
36,Business/Management,HHL Leipzig,Leipzig,Saxony,MSc Management,English,Private,Medium-High,7.0+,IELTS 6.5,Varies,Verify,High private tuition (verify),hhl.de,,Confirm exact program name and language on official site
37,Business/Management,University of Cologne,Cologne,NRW,MSc Management,English,University,High,8.0+,IELTS 6.5-7.0,Winter,Verify,Semester contribution (verify),uni-koeln.de,,Confirm exact program name and language on official site
38,Business/Management,Universities of Applied Sciences (add from DAAD),Various,Various,MSc International Business / Management,English,UAS,Medium,6.5+,IELTS 6.0-6.5,Winter+Summer,Verify,Semester contribution (verify),daad.de,,Use DAAD search to add specific programs
39,Engineering,TU Munich (TUM),Munich,Bavaria,MSc Aerospace Engineering,English/German,TU9,Very high,8.5+,IELTS 6.5-7.0,Winter,Verify,Tuition for non-EU (verify),tum.de,,Confirm exact program name and language on official site
40,Engineering,University of Oldenburg,Oldenburg,Lower Saxony,MSc Renewable Energy (PPRE),English,University,Medium-High,7.5+,IELTS 6.5,Winter,Verify,Semester contribution (verify),uni-oldenburg.de,,Confirm exact program name and language on official site
41,Engineering,TU Chemnitz,Chemnitz,Saxony,MSc Automotive Software Engineering,English,TU,Medium,7.0+,IELTS 6.0-6.5,Winter+Summer,Verify,Semester contribution (verify),tu-chemnitz.de,,Confirm exact program name and language on official site
42,Engineering,Universities of Applied Sciences (add from DAAD),Various,Various,MEng Mechanical / Electrical / Mechatronics,English/German,UAS,Medium,6.5+,IELTS 6.0,Winter+Summer,Verify,Semester contribution (verify),daad.de,,Use DAAD search to add specific programs
