step_no,step,details,documents_needed,typical_time,cost_estimate,tips
1,Get admission,Receive admission letter (or conditional admission) from the university.,"Admission letter, passport",Varies,-,Apply early to avoid visa-appointment rush.
2,Open blocked account,"Deposit EUR 11,904 (EUR 992 per month for 12 months) with a provider such as Expatrio, Fintiba or Coracle.","Passport, admission letter, funds",1-5 working days,Provider fee roughly EUR 50-100 (verify),Do this right after admission.
3,Get health insurance,"Buy public student insurance (TK, Barmer, AOK, DAK) or an approved visa-valid plan.","Passport, admission letter",1-3 days,Roughly EUR 120-150 per month,Insurance proof is needed for visa and enrollment.
4,Book VFS appointment,Book the visa appointment via the German mission's VFS Global center for your city.,"Passport, application form",Slots may be weeks away,VFS service fee (verify),Peak season is June-September; book early.
5,Prepare documents,Fill the national visa application form (Type D) and collect documents.,"Passport, photos, APS, degree and transcripts, admission letter, blocked account proof, insurance, CV, motivation letter, language certificate",1-2 weeks,-,Make an extra set of photocopies.
6,Attend appointment,"Submit documents and biometrics, pay the visa fee.",All documents,1 day,Visa fee about EUR 75 (verify),Be ready to explain your study plan.
7,Wait for decision,Embassy processes the application; you may get a request for extra documents.,-,Often 4-12 weeks,-,Do not book non-refundable flights before approval.
8,Travel and arrive,Fly to Germany with admission letter and original documents.,"Passport with visa, admission letter, insurance, funds proof",-,-,Arrive 1-2 weeks before the semester starts.
9,Register and get residence permit,"Register address (Anmeldung), enroll at the university, open a bank account, apply for a residence permit at the Foreigners Office.","Passport, rental contract, enrollment proof, insurance, photos",Weeks,Residence permit fee (verify),Book Foreigners Office appointment immediately.
