item,amount_estimate,frequency,notes,last_updated
Blocked account amount,"EUR 11,904",per year,EUR 992 per month for 2026; confirm on embassy site,2026-10
Visa fee,about EUR 75,one-time,Paid in INR at VFS; verify current fee,2026-10
APS certificate,"about INR 18,000",one-time,Verify current fee on the APS India portal,2026-10
Health insurance (public),EUR 120-150,per month,"TK, Barmer, AOK, DAK approximate range",2026-10
Semester contribution,EUR 150-400,per semester,Often includes public transport ticket,2026-10
Tuition - Baden-Wurttemberg,"EUR 1,500",per semester,For non-EU students; verify exemptions,2026-10
Tuition - private universities,"EUR 6,000-20,000+",per year,Varies a lot by university and program,2026-10
uni-assist fee,"about EUR 75 first application, lower for extra",per application,Verify current fee,2026-10
IELTS Academic,"about INR 17,000-18,000",per attempt,Verify with IDP/British Council,2026-10
Shared room rent,EUR 350-700,per month,City dependent,2026-10
Groceries and daily needs,EUR 200-300,per month,,2026-10
Public transport (Deutschlandticket),about EUR 58,per month,Semester ticket may replace it,2026-10
Phone and internet,EUR 15-40,per month,,2026-10
Flight India-Germany,"INR 40,000-80,000",one-way,Season dependent,2026-10
"Initial setup (deposit, bedding, etc.)","EUR 800-1,500",one-time,Rent deposit often 2-3 months,2026-10
