document,required_for,details,tips
Passport,"Visa, application",Valid 2+ years recommended,Check name spelling matches all documents
Degree certificate + all semester mark sheets,"Application, APS",Scanned PDFs; certified copies if requested,Keep originals safe
APS certificate,"Visa, most applications",Apply online on APS India portal,Takes several weeks; start early
CV (Europass style),Application,1-2 pages,"Highlight projects, internships, skills"
Statement of Purpose / Motivation letter,Application,"1-2 pages, program specific","Mention modules, professors, labs; avoid generic text"
Letters of Recommendation,Some programs,1-2 from professors/managers,Ask early
IELTS/TOEFL scorecard,English programs,IELTS 6.5 / TOEFL 80-90 typical,Check validity period (usually 2 years)
GRE/GMAT,Some programs,If required,Check program page
Work experience letters,MBA/some programs,"Employer letters, payslips",Needed to explain gaps too
Blocked account confirmation,Visa,From provider,Needed before visa appointment
Health insurance confirmation,"Visa, enrollment",From insurer,
Passport photos,"Visa, enrollment",Biometric format,Carry extras
