months_before_intake,task,details
12,Research and shortlist,"Choose course and 8-10 universities, check requirements and deadlines"
11,Book English test,Book IELTS/TOEFL; start preparation
10,Start APS,Submit APS application; documents take weeks
9,"Draft SOP, CV and LORs",Tailor SOP per program
8,Submit early applications,Apply to uni-assist universities and early deadlines
6,Submit remaining applications,Most deadlines Jan-May for winter intake
5,Follow up and track portals,Respond to document requests quickly
4,Receive admissions and accept,Choose university; check enrollment deadlines
3,"Open blocked account, buy insurance, book VFS",Book visa appointment immediately
2,Visa processing and accommodation search,Do not buy non-refundable tickets before visa approval
1,Travel preparation,"Flights, forex, documents, arrival plan"
0,"Arrive, register, enroll","Anmeldung, residence permit appointment, bank account"
