field,value (FILL THIS IN)
company_name,
services,Admission counseling; SOP/LOR support; APS help; visa support; blocked account; accommodation; loan help
packages_and_prices,
success_stories_anonymized,e.g. CGPA 7.8 student from Bangalore admitted to TU Chemnitz winter 2025
office_locations_and_hours,
contact_whatsapp_phone_email,
free_consultation_offer,
refund_or_guarantee_policy,
what_bot_says_about_pricing,Prices depend on the package; share your WhatsApp number and a counselor will explain.
