course,question,answer
IT / Computer Science,Which universities are best for IT with 7.5-8.5 CGPA?,"Good options include Saarland, TU Chemnitz, Freiburg, Bonn, TUHH, Magdeburg and Passau; add TU9 reach options and UAS safe options. Verify requirements on each page."
IT / Computer Science,Do I need German for IT jobs?,"English works in many tech companies, but German improves job options and daily life. Plan A1-B1 during studies."
IT / Computer Science,Is my non-CS bachelor acceptable for Computer Science?,Often not directly; many programs require CS credits. Check module requirements or consider bridging courses or related Masters like data science.
Business / Management,Is GMAT required for Management Masters?,Some top programs require or prefer GMAT/GRE; others do not. Check each program.
Business / Management,Can I do an MBA in Germany without work experience?,Most MBAs need 2+ years of experience. A Masters in Management is better for fresh graduates.
Business / Management,Are private business schools worth it?,"They offer English programs and networks but cost EUR 15,000-40,000+. Compare job outcomes and loan burden before deciding."
Medical / Healthcare,Can I work as a doctor in Germany with MBBS?,"Only after license recognition (Approbation), German B2/C1 and exams; it is a long process and depends on the state authority."
Medical / Healthcare,Can I do a Masters instead of medicine?,"Yes, English Masters in biomedical, molecular medicine, neuroscience and public health exist, but they do not give a license to practise medicine."
Medical / Healthcare,Is nursing in Germany a good option?,"There is demand for nurses, but training and work require German (B1-B2). Check recognition and Ausbildung rules."
Engineering,Is German required for engineering Masters?,Many programs are German-taught; English tracks exist in selected programs. Check each program and industry job needs.
Engineering,Which cities are good for mechanical and automotive engineering?,"Stuttgart, Munich, Aachen, Chemnitz and Wolfsburg-area regions have strong automotive/industry links."
Engineering,Can I switch from mechanical to data science or IT?,Possible in some programs if you have programming and maths credits; check requirements or take bridging courses.
All courses,Which course has the best job market in Germany?,"IT, engineering and healthcare have strong demand, but German skills strongly affect outcomes outside IT. Business roles are more competitive without German."
All courses,Which course is easiest to get admission in?,Difficulty depends on university and your profile. UAS and private universities are generally easier; top TUs and research programs are hardest.
